dwd_bid_base_out	N	u_id
dwd_bid_purchase_agency_out	S	-
dwd_bid_target_item_out	S	-
dwd_bid_win_candidate_out	S	-
dwd_en_author	C	paper_id,author_sequence
dwd_en_journal	N	publication_id
dwd_en_paper	N	id
dwd_en_paper_citation	S	-
dwd_en_paper_classification	N	id
dwd_en_paper_reference	S	-
dwd_en_paper_related	N	logic_id
dwd_en_project	N	id
dwd_en_project_output	N	id
dwd_en_report	N	report_id
dwd_forg_act_contro_info	S	-
dwd_forg_base_info	N	org_id
dwd_forg_beneficiary_info	S	-
dwd_forg_executive_info	S	-
dwd_forg_product_info	N	org_id
dwd_forg_shareholder_info	S	-
dwd_forg_stock_fin_info	S	-
dwd_forg_subsidiary_info	S	-
dwd_industry_chain_info	C	chain_code,node_id
dwd_industry_chain_news_info	C	chain_code,news_id
dwd_org_annual_financial_info	C	org_id,year
dwd_org_bankruptcy_public_cases	N	case_no
dwd_org_bankruptcy_public_cases_list	S	-
dwd_org_base_info	N	org_id
dwd_org_changerecord_info	S	-
dwd_org_company_abnormal	S	-
dwd_org_company_illegal	S	-
dwd_org_company_punish	S	-
dwd_org_executive_info	S	-
dwd_org_financing_info	S	-
dwd_org_heis_info	N	org_id
dwd_org_important_news_info	S	-
dwd_org_industry_chain_dtl	C	chain_code,node_id,antitypic
dwd_org_industry_chain_prod_dtl	C	chain_code,antitypic,tech_product
dwd_org_invest_info	S	-
dwd_org_merger_acquisition_info	S	-
dwd_org_opt_judicial_case	S	-
dwd_org_org_product_info	N	org_id
dwd_org_recruit_info	S	-
dwd_org_risk_shixin	S	-
dwd_org_risk_tax_punish	S	-
dwd_org_risk_zhixing	S	-
dwd_org_shareholder_info	S	-
dwd_org_stock_base	S	-
dwd_org_stock_finance_info	S	-
dwd_research_institute_base_info	N	org_id
dwd_scholar	N	scholar_id
dwd_scholar_coauthor	C	scholar_id,co_scholar_id
dwd_scholar_paper_relation	C	paper_id,scholar_id
dwd_scholar_papers	S	-
dwd_scholar_research_direction	N	scholar_id
dwd_scholar_talent_flag	N	scholar_id
dwd_special_aomen_company	N	org_id
dwd_special_hongkong_company	N	org_id
dwd_special_taiwan_company	N	org_id
dwd_zck_intl_policy	N	recordId
dwd_zh_author	C	paper_id,author_sequence
dwd_zh_journal	C	paper_id,publication_id
dwd_zh_paper	N	id
dwd_zh_paper_citation	S	-
dwd_zh_paper_classification	N	id
dwd_zh_paper_reference	S	-
dwd_zh_paper_related	S	-
dwd_zh_project	N	id
dwd_zh_project_output	N	id
dwd_zh_report	N	report_id
dwd_zh_report_paper	S	-
dws_zck_policy	N	id
ods_en_journal	N	logic_id
ods_en_report	S	-
ods_zh_journal	N	logic_id
