dwd_en_paper_abstract	C	id,abstract_sequence
dwd_en_paper_funding	N	id
dwd_en_paper_title	C	id,title_sequence
dwd_en_report_author	N	authors_id
dwd_en_report_org	N	org_id
dwd_zh_paper_abstract	C	id,abstract_sequence
dwd_zh_paper_title	C	id,title_sequence
dwd_zh_report_org	N	org_id
dwd_zh_report_project	N	project_id
dwd_zh_report_scholar	N	scholar_id
ods_en_author	N	logic_id
ods_en_paper	N	pmid
ods_en_paper_abstract	C	logic_id,abstract_source
ods_en_paper_citation	N	logic_id
ods_en_paper_classification	N	logic_id
ods_en_paper_funding	N	logic_id
ods_en_paper_reference	N	logic_id
ods_en_paper_title	N	logic_id
ods_zh_paper_abstract	N	logic_id
ods_zh_paper_author	N	logic_id
ods_zh_paper_classification	N	logic_id
ods_zh_paper_reference	N	logic_id
ods_zh_paper_title	N	logic_id
